person_0,1428613428.0
person_0,1428437628.0
person_0,1428437599.0
person_0,1428435634.0
person_0,1428435619.0
person_0,1428430009.0
person_0,1428429986.0
person_0,1428429276.0
person_0,1428421441.0
person_0,1428418574.0
person_0,1428418541.0
person_0,1428417615.0
person_0,1428416852.0
person_0,1428365007.0
person_0,1428363024.0
person_0,1428362908.0
person_0,1428353691.0
person_0,1428344465.0
person_0,1428344400.0
person_0,1428340362.0
person_0,1428284336.0
person_0,1428282662.0
person_0,1428280301.0
person_0,1428268320.0
person_0,1428263952.0
person_0,1428263919.0
person_0,1428263781.0
person_0,1427602531.0
person_0,1427601799.0
person_0,1427336902.0
person_0,1427336813.0
person_0,1426277323.0
person_0,1426277214.0
person_0,1425597447.0
person_0,1425594960.0
person_0,1425593653.0
person_0,1425590426.0
person_0,1425589316.0
person_0,1424900447.0
person_0,1424899298.0
person_0,1424899111.0
person_0,1424665805.0
person_0,1424633591.0
person_0,1424633403.0
person_0,1424631379.0
person_0,1424551774.0
person_0,1424550123.0
person_0,1424548674.0
person_0,1424546079.0
person_0,1424389969.0
person_0,1424389962.0
person_0,1424383740.0
person_0,1424382571.0
person_0,1424382061.0
person_0,1424380385.0
person_0,1424380158.0
person_0,1424282655.0
person_0,1424055992.0
person_0,1424052768.0
person_0,1424016528.0
person_0,1424016358.0
person_0,1423202235.0
person_0,1423200755.0
person_0,1423200708.0
person_0,1423182974.0
person_0,1423182495.0
person_0,1423176939.0
person_0,1423171428.0

person_1,1428529195.0
person_1,1428434932.0
person_1,1428429607.0
person_1,1428421795.0
person_1,1428421554.0
person_1,1428421390.0
person_1,1428418979.0
person_1,1428367373.0
person_1,1428366661.0
person_1,1428366562.0
person_1,1428366246.0
person_1,1428366152.0
person_1,1428365965.0
person_1,1428286315.0
person_1,1428285192.0
person_1,1428284613.0
person_1,1428280171.0
person_1,1428267616.0
person_1,1428267596.0
person_1,1428259529.0
person_1,1428111442.0
person_1,1428109282.0
person_1,1428107965.0
person_1,1427846888.0
person_1,1427838841.0
person_1,1427838437.0
person_1,1425679568.0
person_1,1425679548.0
person_1,1425678351.0
person_1,1425678235.0
person_1,1424640713.0
person_1,1424640685.0
person_1,1424640645.0
person_1,1424640581.0
person_1,1424640549.0
person_1,1424640503.0
person_1,1424640451.0
person_1,1424640430.0
person_1,1424640373.0
person_1,1424640324.0
person_1,1424633464.0
person_1,1424631395.0
person_1,1424631177.0
person_1,1424581223.0
person_1,1424580298.0
person_1,1424579458.0
person_1,1424578843.0
person_1,1424578810.0
person_1,1424578767.0
person_1,1424578708.0
person_1,1424384053.0
person_1,1424383785.0
person_1,1424383778.0
person_1,1424382693.0
person_1,1424382684.0
person_1,1423360447.0
person_1,1423354061.0
person_1,1423353948.0
person_1,1423351852.0

person_2,1428438939.0
person_2,1428436944.0
person_2,1428434519.0
person_2,1428419076.0
person_2,1428417674.0
person_2,1428378626.0
person_2,1428374022.0
person_2,1428373941.0
person_2,1428372918.0
person_2,1428114212.0
person_2,1428111357.0
person_2,1427417866.0
person_2,1427417826.0
person_2,1427332897.0
person_2,1427087904.0
person_2,1427066964.0
person_2,1427066932.0
person_2,1425426189.0
person_2,1425426084.0
person_2,1423221978.0
person_2,1423221939.0
person_2,1423221508.0
person_2,1423221468.0
person_2,1423220949.0
person_2,1423213975.0
person_2,1423209406.0
person_2,1423133942.0
person_2,1423190825.0
person_2,1423132852.0
person_2,1423130872.0
person_2,1423130428.0
person_2,1422991584.0
person_2,1422835525.0

person_3,1428438991.0
person_3,1428438875.0
person_3,1428438406.0
person_3,1428438158.0
person_3,1428435104.0
person_3,1428424961.0
person_3,1428418361.0
person_3,1428418008.0
person_3,1428416981.0
person_3,1428414701.0
person_3,1428377640.0
person_3,1428375807.0
person_3,1428375637.0
person_3,1426446251.0
person_3,1425419759.0
person_3,1425419514.0
person_3,1425419316.0
person_3,1425419244.0
person_3,1425419155.0
person_3,1425419041.0
person_3,1423280773.0
person_3,1423191330.0

